pixel_index,sim_psi,sim_ks,rand_psi,rand_ks
0,0.0,0.0,3.331874756144573,0.968
1,0.0024434921217411716,0.01797551474680026,3.07782178748265,0.8199755147468002
2,0.03496481153589814,0.0612877017250974,0.5708297449685857,0.23765498052309406
3,0.02186622764432265,0.04219476905954367,0.8886381325068832,0.37844073455759597
4,0.012304987249344895,0.02875459098497496,0.907547275472957,0.3647545909849749
5,0.011710762982740429,0.021653867557039463,0.8001761149588964,0.2877095158597663
6,0.007091401785467641,0.018146911519198672,3.2260134916241205,0.7198252643294379
7,0.0,0.0032888146911519422,0.001040742134577923,0.9552888146911519
8,0.0,0.0038953811908736258,1.612551987152999,0.9661046188091263
9,0.002474018259859579,0.019315525876460682,2.6912280210074213,0.5677417918753478
10,0.010918579805279386,0.0402070116861436,0.6807234683395182,0.2651274346132443
11,0.01329565737910409,0.026103505843071778,0.8007937658999296,0.3225998887033946
12,0.011142879974778325,0.03721869782971621,0.41862187483270763,0.19510740122426262
13,0.010021841808745753,0.02737562604340571,0.5163359131142522,0.16979410127991096
14,0.0027441533813815974,0.01523316638842509,2.8743222566767215,0.6587668336115748
15,0.0,0.003636060100167038,0.057897449618684635,0.9567323316638843
16,0.0,0.0022259321090706274,1.431511537969844,0.9717740678909293
17,0.0027679261645002194,0.020900389538119124,1.7889236476745138,0.5089003895381192
18,0.0195912825161859,0.023859766277128547,0.5888627409438733,0.25075125208681137
19,0.015971873023955724,0.028781302170283796,0.6585106769052695,0.17443850862548693
20,0.027996619867586184,0.04146243739565947,0.8590618967515793,0.22985642737896494
21,0.006509166486620923,0.014562047857540339,0.5690819465401785,0.23556371730662215
22,0.0008463364165473113,0.013363383416805763,2.4110085161138297,0.6264073455759599
23,0.0,0.004903728436282617,0.27473188166970325,0.953636060100167
24,0.0,0.0011129660545352582,2.1912305038732036,0.9768870339454647
25,0.038428583450602974,0.02236616583194212,1.908314548207057,0.49891708402893714
26,0.01435152031797185,0.04373400111296605,0.9323803350024844,0.2351741791875348
27,0.014093764293062262,0.027228714524207,0.48920051501337625,0.17076460767946577
28,0.011697087530509279,0.0178942682248191,1.1314629044972424,0.2777262103505843
29,0.011935606538014508,0.022976071229827477,0.5492979127388641,0.18097384529771843
30,0.0059932745436341636,0.023275459098497486,1.557071956470859,0.5668970506399554
31,0.0,0.0022259321090706274,2.50544673878722,0.9697740678909293
32,0.0,0.0,3.4754353472803388,0.972
33,0.00672433005547291,0.024927100723427853,1.948642556594134,0.5410728992765721
34,0.007482540056915099,0.022978297161936556,1.0956595652523855,0.22919977740678912
35,0.012608421731650193,0.017888703394546457,1.0744193455541227,0.2307813021702837
36,0.01692968685951196,0.04521090706733444,0.8356775238099321,0.27896048970506393
37,0.0230700151253281,0.03248191430161379,0.6116136748487757,0.14770951585976622
38,0.007422007672099745,0.03147356705620474,1.3882872634458783,0.441667223149694
39,0.0,0.0,3.4013611604003824,0.97
40,0.0,0.002991652754591012,1.0485335526785005,0.970991652754591
41,0.0032598308160392683,0.017045075125208697,3.0559174829248485,0.6269760712298276
42,0.0031890418144475225,0.030081246521981075,0.8638681682677745,0.3172621035058431
43,0.005897799361699041,0.03867557039510294,0.6961563041559184,0.28251752921535894
44,0.005607677245866766,0.023118530884807975,0.9411409913635977,0.22359710628825819
45,0.012311284595000999,0.02495269894268215,0.5477457238893002,0.15487367835281024
46,0.01686725150755265,0.02077128547579299,1.532488530728088,0.44665887590428494
47,0.0,0.007757373400111289,0.6594767118372824,0.9457573734001112
48,0.0,0.0022259321090706274,0.26902665034002915,0.9637740678909293
49,0.00020184603351502216,0.015297718419588158,3.823230254137184,0.7532977184195883
50,0.007775443186467137,0.020972732331663857,0.1420438018058681,0.16089037284362825
51,0.01680445659579939,0.027245409015025035,0.31605830701880033,0.16495269894268216
52,0.0027908932221067727,0.01184195882025596,0.4238701749832483,0.1565264329437952
53,0.0074292896527684855,0.014616583194212551,0.3339615297181806,0.17222927100723429
54,0.0009796964862308277,0.01838842515303274,1.6661871690331391,0.4647134112409572
55,0.0,0.019167501391207487,0.020493001147945267,0.9094479688369504
56,0.0,0.0005564830272676291,1.9644746727388513,0.9514435169727323
57,0.0003288551776225884,0.014259321090706711,3.606588705343299,0.8501302170283807
58,0.020005918597855738,0.04474346132442958,0.5006526118237996,0.2268558708959377
59,0.022907747307994233,0.07173845297718423,1.0956232303654683,0.4019176405119643
60,0.017517563756018484,0.0546254869226489,1.0992751018209879,0.4156917084028937
61,0.010404025379731317,0.04082693377851976,0.7982924563560869,0.23700723427935447
62,0.0015372582111017003,0.01767390094602117,3.0922847758934355,0.6658964941569283
63,0.0,0.024071229827490215,0.0,0.8867868670005564
